"id","state_id:id","name","code"
city_co_05_001,state_co_05,"Medellin","05001"
city_co_05_002,state_co_05,"Abejorral","05002"
city_co_05_004,state_co_05,"Abriaqui","05004"
city_co_05_021,state_co_05,"Alejandria","05021"
city_co_05_030,state_co_05,"Amaga","05030"
city_co_05_031,state_co_05,"Amalfi","05031"
city_co_05_034,state_co_05,"Andes","05034"
city_co_05_036,state_co_05,"Angelopolis","05036"
city_co_05_038,state_co_05,"Angostura","05038"
city_co_05_040,state_co_05,"Anori","05040"
city_co_05_042,state_co_05,"Santafe De Antioquia","05042"
city_co_05_044,state_co_05,"Anza","05044"
city_co_05_045,state_co_05,"Apartado","05045"
city_co_05_051,state_co_05,"Arboletes","05051"
city_co_05_055,state_co_05,"Argelia","05055"
city_co_05_059,state_co_05,"Armenia","05059"
city_co_05_079,state_co_05,"Barbosa","05079"
city_co_05_086,state_co_05,"Belmira","05086"
city_co_05_088,state_co_05,"Bello","05088"
city_co_05_091,state_co_05,"Betania","05091"
city_co_05_093,state_co_05,"Betulia","05093"
city_co_05_101,state_co_05,"Ciudad Bolivar","05101"
city_co_05_107,state_co_05,"Briceño","05107"
city_co_05_113,state_co_05,"Buritica","05113"
city_co_05_120,state_co_05,"Caceres","05120"
city_co_05_125,state_co_05,"Caicedo","05125"
city_co_05_129,state_co_05,"Caldas","05129"
city_co_05_134,state_co_05,"Campamento","05134"
city_co_05_138,state_co_05,"Cañasgordas","05138"
city_co_05_142,state_co_05,"Caracoli","05142"
city_co_05_145,state_co_05,"Caramanta","05145"
city_co_05_147,state_co_05,"Carepa","05147"
city_co_05_148,state_co_05,"El Carmen De Viboral","05148"
city_co_05_150,state_co_05,"Carolina","05150"
city_co_05_154,state_co_05,"Caucasia","05154"
city_co_05_172,state_co_05,"Chigorodo","05172"
city_co_05_190,state_co_05,"Cisneros","05190"
city_co_05_197,state_co_05,"Cocorna","05197"
city_co_05_206,state_co_05,"Concepcion","05206"
city_co_05_209,state_co_05,"Concordia","05209"
city_co_05_212,state_co_05,"Copacabana","05212"
city_co_05_234,state_co_05,"Dabeiba","05234"
city_co_05_237,state_co_05,"Don Matias","05237"
city_co_05_240,state_co_05,"Ebejico","05240"
city_co_05_250,state_co_05,"El Bagre","05250"
city_co_05_264,state_co_05,"Entrerrios","05264"
city_co_05_266,state_co_05,"Envigado","05266"
city_co_05_282,state_co_05,"Fredonia","05282"
city_co_05_284,state_co_05,"Frontino","05284"
city_co_05_306,state_co_05,"Giraldo","05306"
city_co_05_308,state_co_05,"Girardota","05308"
city_co_05_310,state_co_05,"Gomez Plata","05310"
city_co_05_313,state_co_05,"Granada","05313"
city_co_05_315,state_co_05,"Guadalupe","05315"
city_co_05_318,state_co_05,"Guarne","05318"
city_co_05_321,state_co_05,"Guatape","05321"
city_co_05_347,state_co_05,"Heliconia","05347"
city_co_05_353,state_co_05,"Hispania","05353"
city_co_05_360,state_co_05,"Itagui","05360"
city_co_05_361,state_co_05,"Ituango","05361"
city_co_05_364,state_co_05,"Jardin","05364"
city_co_05_368,state_co_05,"Jerico","05368"
city_co_05_376,state_co_05,"La Ceja","05376"
city_co_05_380,state_co_05,"La Estrella","05380"
city_co_05_390,state_co_05,"La Pintada","05390"
city_co_05_400,state_co_05,"La Union","05400"
city_co_05_411,state_co_05,"Liborina","05411"
city_co_05_425,state_co_05,"Maceo","05425"
city_co_05_440,state_co_05,"Marinilla","05440"
city_co_05_467,state_co_05,"Montebello","05467"
city_co_05_475,state_co_05,"Murindo","05475"
city_co_05_480,state_co_05,"Mutata","05480"
city_co_05_483,state_co_05,"Nariño","05483"
city_co_05_490,state_co_05,"Necocli","05490"
city_co_05_495,state_co_05,"Nechi","05495"
city_co_05_501,state_co_05,"Olaya","05501"
city_co_05_541,state_co_05,"Peñol","05541"
city_co_05_543,state_co_05,"Peque","05543"
city_co_05_576,state_co_05,"Pueblorrico","05576"
city_co_05_579,state_co_05,"Puerto Berrio","05579"
city_co_05_585,state_co_05,"Puerto Nare","05585"
city_co_05_591,state_co_05,"Puerto Triunfo","05591"
city_co_05_604,state_co_05,"Remedios","05604"
city_co_05_607,state_co_05,"Retiro","05607"
city_co_05_615,state_co_05,"Rionegro","05615"
city_co_05_628,state_co_05,"Sabanalarga","05628"
city_co_05_631,state_co_05,"Sabaneta","05631"
city_co_05_642,state_co_05,"Salgar","05642"
city_co_05_647,state_co_05,"San Andres De Cuerquia","05647"
city_co_05_649,state_co_05,"San Carlos","05649"
city_co_05_652,state_co_05,"San Francisco","05652"
city_co_05_656,state_co_05,"San Jeronimo","05656"
city_co_05_658,state_co_05,"San Jose De La Montaña","05658"
city_co_05_659,state_co_05,"San Juan De Uraba","05659"
city_co_05_660,state_co_05,"San Luis","05660"
city_co_05_664,state_co_05,"San Pedro","05664"
city_co_05_665,state_co_05,"San Pedro De Uraba","05665"
city_co_05_667,state_co_05,"San Rafael","05667"
city_co_05_670,state_co_05,"San Roque","05670"
city_co_05_674,state_co_05,"San Vicente","05674"
city_co_05_679,state_co_05,"Santa Barbara","05679"
city_co_05_686,state_co_05,"Santa Rosa De Osos","05686"
city_co_05_690,state_co_05,"Santo Domingo","05690"
city_co_05_697,state_co_05,"El Santuario","05697"
city_co_05_736,state_co_05,"Segovia","05736"
city_co_05_756,state_co_05,"Sonson","05756"
city_co_05_761,state_co_05,"Sopetran","05761"
city_co_05_789,state_co_05,"Tamesis","05789"
city_co_05_790,state_co_05,"Taraza","05790"
city_co_05_792,state_co_05,"Tarso","05792"
city_co_05_809,state_co_05,"Titiribi","05809"
city_co_05_819,state_co_05,"Toledo","05819"
city_co_05_837,state_co_05,"Turbo","05837"
city_co_05_842,state_co_05,"Uramita","05842"
city_co_05_847,state_co_05,"Urrao","05847"
city_co_05_854,state_co_05,"Valdivia","05854"
city_co_05_856,state_co_05,"Valparaiso","05856"
city_co_05_858,state_co_05,"Vegachi","05858"
city_co_05_861,state_co_05,"Venecia","05861"
city_co_05_873,state_co_05,"Vigia Del Fuerte","05873"
city_co_05_885,state_co_05,"Yali","05885"
city_co_05_887,state_co_05,"Yarumal","05887"
city_co_05_890,state_co_05,"Yolombo","05890"
city_co_05_893,state_co_05,"Yondo","05893"
city_co_05_895,state_co_05,"Zaragoza","05895"
city_co_08_001,state_co_08,"Barranquilla","08001"
city_co_08_078,state_co_08,"Baranoa","08078"
city_co_08_137,state_co_08,"Campo De La Cruz","08137"
city_co_08_141,state_co_08,"Candelaria","08141"
city_co_08_296,state_co_08,"Galapa","08296"
city_co_08_372,state_co_08,"Juan De Acosta","08372"
city_co_08_421,state_co_08,"Luruaco","08421"
city_co_08_433,state_co_08,"Malambo","08433"
city_co_08_436,state_co_08,"Manati","08436"
city_co_08_520,state_co_08,"Palmar De Varela","08520"
city_co_08_549,state_co_08,"Piojo","08549"
city_co_08_558,state_co_08,"Polonuevo","08558"
city_co_08_560,state_co_08,"Ponedera","08560"
city_co_08_573,state_co_08,"Puerto Colombia","08573"
city_co_08_606,state_co_08,"Repelon","08606"
city_co_08_634,state_co_08,"Sabanagrande","08634"
city_co_08_638,state_co_08,"Sabanalarga","08638"
city_co_08_675,state_co_08,"Santa Lucia","08675"
city_co_08_685,state_co_08,"Santo Tomas","08685"
city_co_08_758,state_co_08,"Soledad","08758"
city_co_08_770,state_co_08,"Suan","08770"
city_co_08_832,state_co_08,"Tubara","08832"
city_co_08_849,state_co_08,"Usiacuri","08849"
city_co_11_001,state_co_11,"Bogota, D.C.","11001"
city_co_13_001,state_co_13,"Cartagena","13001"
city_co_13_006,state_co_13,"Achi","13006"
city_co_13_030,state_co_13,"Altos Del Rosario","13030"
city_co_13_042,state_co_13,"Arenal","13042"
city_co_13_052,state_co_13,"Arjona","13052"
city_co_13_062,state_co_13,"Arroyohondo","13062"
city_co_13_074,state_co_13,"Barranco De Loba","13074"
city_co_13_140,state_co_13,"Calamar","13140"
city_co_13_160,state_co_13,"Cantagallo","13160"
city_co_13_188,state_co_13,"Cicuco","13188"
city_co_13_212,state_co_13,"Cordoba","13212"
city_co_13_222,state_co_13,"Clemencia","13222"
city_co_13_244,state_co_13,"El Carmen De Bolivar","13244"
city_co_13_248,state_co_13,"El Guamo","13248"
city_co_13_268,state_co_13,"El Peñon","13268"
city_co_13_300,state_co_13,"Hatillo De Loba","13300"
city_co_13_430,state_co_13,"Magangue","13430"
city_co_13_433,state_co_13,"Mahates","13433"
city_co_13_440,state_co_13,"Margarita","13440"
city_co_13_442,state_co_13,"Maria La Baja","13442"
city_co_13_458,state_co_13,"Montecristo","13458"
city_co_13_468,state_co_13,"Mompos","13468"
city_co_13_490,state_co_13,"Norosi","13490"
city_co_13_473,state_co_13,"Morales","13473"
city_co_13_549,state_co_13,"Pinillos","13549"
city_co_13_580,state_co_13,"Regidor","13580"
city_co_13_600,state_co_13,"Rio Viejo","13600"
city_co_13_620,state_co_13,"San Cristobal","13620"
city_co_13_647,state_co_13,"San Estanislao","13647"
city_co_13_650,state_co_13,"San Fernando","13650"
city_co_13_654,state_co_13,"San Jacinto","13654"
city_co_13_655,state_co_13,"San Jacinto Del Cauca","13655"
city_co_13_657,state_co_13,"San Juan Nepomuceno","13657"
city_co_13_667,state_co_13,"San Martin De Loba","13667"
city_co_13_670,state_co_13,"San Pablo","13670"
city_co_13_673,state_co_13,"Santa Catalina","13673"
city_co_13_683,state_co_13,"Santa Rosa","13683"
city_co_13_688,state_co_13,"Santa Rosa Del Sur","13688"
city_co_13_744,state_co_13,"Simiti","13744"
city_co_13_760,state_co_13,"Soplaviento","13760"
city_co_13_780,state_co_13,"Talaigua Nuevo","13780"
city_co_13_810,state_co_13,"Tiquisio","13810"
city_co_13_836,state_co_13,"Turbaco","13836"
city_co_13_838,state_co_13,"Turbana","13838"
city_co_13_873,state_co_13,"Villanueva","13873"
city_co_13_894,state_co_13,"Zambrano","13894"
city_co_15_001,state_co_15,"Tunja","15001"
city_co_15_022,state_co_15,"Almeida","15022"
city_co_15_047,state_co_15,"Aquitania","15047"
city_co_15_051,state_co_15,"Arcabuco","15051"
city_co_15_087,state_co_15,"Belen","15087"
city_co_15_090,state_co_15,"Berbeo","15090"
city_co_15_092,state_co_15,"Beteitiva","15092"
city_co_15_097,state_co_15,"Boavita","15097"
city_co_15_104,state_co_15,"Boyaca","15104"
city_co_15_106,state_co_15,"Briceño","15106"
city_co_15_109,state_co_15,"Buenavista","15109"
city_co_15_114,state_co_15,"Busbanza","15114"
city_co_15_131,state_co_15,"Caldas","15131"
city_co_15_135,state_co_15,"Campohermoso","15135"
city_co_15_162,state_co_15,"Cerinza","15162"
city_co_15_172,state_co_15,"Chinavita","15172"
city_co_15_176,state_co_15,"Chiquinquira","15176"
city_co_15_180,state_co_15,"Chiscas","15180"
city_co_15_183,state_co_15,"Chita","15183"
city_co_15_185,state_co_15,"Chitaraque","15185"
city_co_15_187,state_co_15,"Chivata","15187"
city_co_15_189,state_co_15,"Cienega","15189"
city_co_15_204,state_co_15,"Combita","15204"
city_co_15_212,state_co_15,"Coper","15212"
city_co_15_215,state_co_15,"Corrales","15215"
city_co_15_218,state_co_15,"Covarachia","15218"
city_co_15_223,state_co_15,"Cubara","15223"
city_co_15_224,state_co_15,"Cucaita","15224"
city_co_15_226,state_co_15,"Cuitiva","15226"
city_co_15_232,state_co_15,"Chiquiza","15232"
city_co_15_236,state_co_15,"Chivor","15236"
city_co_15_238,state_co_15,"Duitama","15238"
city_co_15_244,state_co_15,"El Cocuy","15244"
city_co_15_248,state_co_15,"El Espino","15248"
city_co_15_272,state_co_15,"Firavitoba","15272"
city_co_15_276,state_co_15,"Floresta","15276"
city_co_15_293,state_co_15,"Gachantiva","15293"
city_co_15_296,state_co_15,"Gameza","15296"
city_co_15_299,state_co_15,"Garagoa","15299"
city_co_15_317,state_co_15,"Guacamayas","15317"
city_co_15_322,state_co_15,"Guateque","15322"
city_co_15_325,state_co_15,"Guayata","15325"
city_co_15_332,state_co_15,"Gsican","15332"
city_co_15_362,state_co_15,"Iza","15362"
city_co_15_367,state_co_15,"Jenesano","15367"
city_co_15_368,state_co_15,"Jerico","15368"
city_co_15_377,state_co_15,"Labranzagrande","15377"
city_co_15_380,state_co_15,"La Capilla","15380"
city_co_15_401,state_co_15,"La Victoria","15401"
city_co_15_403,state_co_15,"La Uvita","15403"
city_co_15_407,state_co_15,"Villa De Leyva","15407"
city_co_15_425,state_co_15,"Macanal","15425"
city_co_15_442,state_co_15,"Maripi","15442"
city_co_15_455,state_co_15,"Miraflores","15455"
city_co_15_464,state_co_15,"Mongua","15464"
city_co_15_466,state_co_15,"Mongui","15466"
city_co_15_469,state_co_15,"Moniquira","15469"
city_co_15_476,state_co_15,"Motavita","15476"
city_co_15_480,state_co_15,"Muzo","15480"
city_co_15_491,state_co_15,"Nobsa","15491"
city_co_15_494,state_co_15,"Nuevo Colon","15494"
city_co_15_500,state_co_15,"Oicata","15500"
city_co_15_507,state_co_15,"Otanche","15507"
city_co_15_511,state_co_15,"Pachavita","15511"
city_co_15_514,state_co_15,"Paez","15514"
city_co_15_516,state_co_15,"Paipa","15516"
city_co_15_518,state_co_15,"Pajarito","15518"
city_co_15_522,state_co_15,"Panqueba","15522"
city_co_15_531,state_co_15,"Pauna","15531"
city_co_15_533,state_co_15,"Paya","15533"
city_co_15_537,state_co_15,"Paz De Rio","15537"
city_co_15_542,state_co_15,"Pesca","15542"
city_co_15_550,state_co_15,"Pisba","15550"
city_co_15_572,state_co_15,"Puerto Boyaca","15572"
city_co_15_580,state_co_15,"Quipama","15580"
city_co_15_599,state_co_15,"Ramiriqui","15599"
city_co_15_600,state_co_15,"Raquira","15600"
city_co_15_621,state_co_15,"Rondon","15621"
city_co_15_632,state_co_15,"Saboya","15632"
city_co_15_638,state_co_15,"Sachica","15638"
city_co_15_646,state_co_15,"Samaca","15646"
city_co_15_660,state_co_15,"San Eduardo","15660"
city_co_15_664,state_co_15,"San Jose De Pare","15664"
city_co_15_667,state_co_15,"San Luis De Gaceno","15667"
city_co_15_673,state_co_15,"San Mateo","15673"
city_co_15_676,state_co_15,"San Miguel De Sema","15676"
city_co_15_681,state_co_15,"San Pablo De Borbur","15681"
city_co_15_686,state_co_15,"Santana","15686"
city_co_15_690,state_co_15,"Santa Maria","15690"
city_co_15_693,state_co_15,"Santa Rosa De Viterbo","15693"
city_co_15_696,state_co_15,"Santa Sofia","15696"
city_co_15_720,state_co_15,"Sativanorte","15720"
city_co_15_723,state_co_15,"Sativasur","15723"
city_co_15_740,state_co_15,"Siachoque","15740"
city_co_15_753,state_co_15,"Soata","15753"
city_co_15_755,state_co_15,"Socota","15755"
city_co_15_757,state_co_15,"Socha","15757"
city_co_15_759,state_co_15,"Sogamoso","15759"
city_co_15_761,state_co_15,"Somondoco","15761"
city_co_15_762,state_co_15,"Sora","15762"
city_co_15_763,state_co_15,"Sotaquira","15763"
city_co_15_764,state_co_15,"Soraca","15764"
city_co_15_774,state_co_15,"Susacon","15774"
city_co_15_776,state_co_15,"Sutamarchan","15776"
city_co_15_778,state_co_15,"Sutatenza","15778"
city_co_15_790,state_co_15,"Tasco","15790"
city_co_15_798,state_co_15,"Tenza","15798"
city_co_15_804,state_co_15,"Tibana","15804"
city_co_15_806,state_co_15,"Tibasosa","15806"
city_co_15_808,state_co_15,"Tinjaca","15808"
city_co_15_810,state_co_15,"Tipacoque","15810"
city_co_15_814,state_co_15,"Toca","15814"
city_co_15_816,state_co_15,"Togsi","15816"
city_co_15_820,state_co_15,"Topaga","15820"
city_co_15_822,state_co_15,"Tota","15822"
city_co_15_832,state_co_15,"Tunungua","15832"
city_co_15_835,state_co_15,"Turmeque","15835"
city_co_15_837,state_co_15,"Tuta","15837"
city_co_15_839,state_co_15,"Tutaza","15839"
city_co_15_842,state_co_15,"Umbita","15842"
city_co_15_861,state_co_15,"Ventaquemada","15861"
city_co_15_879,state_co_15,"Viracacha","15879"
city_co_15_897,state_co_15,"Zetaquira","15897"
city_co_17_001,state_co_17,"Manizales","17001"
city_co_17_013,state_co_17,"Aguadas","17013"
city_co_17_042,state_co_17,"Anserma","17042"
city_co_17_050,state_co_17,"Aranzazu","17050"
city_co_17_088,state_co_17,"Belalcazar","17088"
city_co_17_174,state_co_17,"Chinchina","17174"
city_co_17_272,state_co_17,"Filadelfia","17272"
city_co_17_380,state_co_17,"La Dorada","17380"
city_co_17_388,state_co_17,"La Merced","17388"
city_co_17_433,state_co_17,"Manzanares","17433"
city_co_17_442,state_co_17,"Marmato","17442"
city_co_17_444,state_co_17,"Marquetalia","17444"
city_co_17_446,state_co_17,"Marulanda","17446"
city_co_17_486,state_co_17,"Neira","17486"
city_co_17_495,state_co_17,"Norcasia","17495"
city_co_17_513,state_co_17,"Pacora","17513"
city_co_17_524,state_co_17,"Palestina","17524"
city_co_17_541,state_co_17,"Pensilvania","17541"
city_co_17_614,state_co_17,"Riosucio","17614"
city_co_17_616,state_co_17,"Risaralda","17616"
city_co_17_653,state_co_17,"Salamina","17653"
city_co_17_662,state_co_17,"Samana","17662"
city_co_17_665,state_co_17,"San Jose","17665"
city_co_17_777,state_co_17,"Supia","17777"
city_co_17_867,state_co_17,"Victoria","17867"
city_co_17_873,state_co_17,"Villamaria","17873"
city_co_17_877,state_co_17,"Viterbo","17877"
city_co_18_001,state_co_18,"Florencia","18001"
city_co_18_029,state_co_18,"Albania","18029"
city_co_18_094,state_co_18,"Belen De Los Andaquies","18094"
city_co_18_150,state_co_18,"Cartagena Del Chaira","18150"
city_co_18_205,state_co_18,"Curillo","18205"
city_co_18_247,state_co_18,"El Doncello","18247"
city_co_18_256,state_co_18,"El Paujil","18256"
city_co_18_410,state_co_18,"La Montañita","18410"
city_co_18_460,state_co_18,"Milan","18460"
city_co_18_479,state_co_18,"Morelia","18479"
city_co_18_592,state_co_18,"Puerto Rico","18592"
city_co_18_610,state_co_18,"San Jose Del Fragua","18610"
city_co_18_753,state_co_18,"San Vicente Del Caguan","18753"
city_co_18_756,state_co_18,"Solano","18756"
city_co_18_785,state_co_18,"Solita","18785"
city_co_18_860,state_co_18,"Valparaiso","18860"
city_co_19_001,state_co_19,"Popayan","19001"
city_co_19_022,state_co_19,"Almaguer","19022"
city_co_19_050,state_co_19,"Argelia","19050"
city_co_19_075,state_co_19,"Balboa","19075"
city_co_19_100,state_co_19,"Bolivar","19100"
city_co_19_110,state_co_19,"Buenos Aires","19110"
city_co_19_130,state_co_19,"Cajibio","19130"
city_co_19_137,state_co_19,"Caldono","19137"
city_co_19_142,state_co_19,"Caloto","19142"
city_co_19_212,state_co_19,"Corinto","19212"
city_co_19_256,state_co_19,"El Tambo","19256"
city_co_19_290,state_co_19,"Florencia","19290"
city_co_19_300,state_co_19,"Guachene","19300"
city_co_19_318,state_co_19,"Guapi","19318"
city_co_19_355,state_co_19,"Inza","19355"
city_co_19_364,state_co_19,"Jambalo","19364"
city_co_19_392,state_co_19,"La Sierra","19392"
city_co_19_397,state_co_19,"La Vega","19397"
city_co_19_418,state_co_19,"Lopez","19418"
city_co_19_450,state_co_19,"Mercaderes","19450"
city_co_19_455,state_co_19,"Miranda","19455"
city_co_19_473,state_co_19,"Morales","19473"
city_co_19_513,state_co_19,"Padilla","19513"
city_co_19_517,state_co_19,"Paez","19517"
city_co_19_532,state_co_19,"Patia","19532"
city_co_19_533,state_co_19,"Piamonte","19533"
city_co_19_548,state_co_19,"Piendamo","19548"
city_co_19_573,state_co_19,"Puerto Tejada","19573"
city_co_19_585,state_co_19,"Purace","19585"
city_co_19_622,state_co_19,"Rosas","19622"
city_co_19_693,state_co_19,"San Sebastian","19693"
city_co_19_698,state_co_19,"Santander De Quilichao","19698"
city_co_19_701,state_co_19,"Santa Rosa","19701"
city_co_19_743,state_co_19,"Silvia","19743"
city_co_19_760,state_co_19,"Sotara","19760"
city_co_19_780,state_co_19,"Suarez","19780"
city_co_19_785,state_co_19,"Sucre","19785"
city_co_19_807,state_co_19,"Timbio","19807"
city_co_19_809,state_co_19,"Timbiqui","19809"
city_co_19_821,state_co_19,"Toribio","19821"
city_co_19_824,state_co_19,"Totoro","19824"
city_co_19_845,state_co_19,"Villa Rica","19845"
city_co_20_001,state_co_20,"Valledupar","20001"
city_co_20_011,state_co_20,"Aguachica","20011"
city_co_20_013,state_co_20,"Agustin Codazzi","20013"
city_co_20_032,state_co_20,"Astrea","20032"
city_co_20_045,state_co_20,"Becerril","20045"
city_co_20_060,state_co_20,"Bosconia","20060"
city_co_20_175,state_co_20,"Chimichagua","20175"
city_co_20_178,state_co_20,"Chiriguana","20178"
city_co_20_228,state_co_20,"Curumani","20228"
city_co_20_238,state_co_20,"El Copey","20238"
city_co_20_250,state_co_20,"El Paso","20250"
city_co_20_295,state_co_20,"Gamarra","20295"
city_co_20_310,state_co_20,"Gonzalez","20310"
city_co_20_383,state_co_20,"La Gloria","20383"
city_co_20_400,state_co_20,"La Jagua De Ibirico","20400"
city_co_20_443,state_co_20,"Manaure","20443"
city_co_20_517,state_co_20,"Pailitas","20517"
city_co_20_550,state_co_20,"Pelaya","20550"
city_co_20_570,state_co_20,"Pueblo Bello","20570"
city_co_20_614,state_co_20,"Rio De Oro","20614"
city_co_20_621,state_co_20,"La Paz","20621"
city_co_20_710,state_co_20,"San Alberto","20710"
city_co_20_750,state_co_20,"San Diego","20750"
city_co_20_770,state_co_20,"San Martin","20770"
city_co_20_787,state_co_20,"Tamalameque","20787"
city_co_23_001,state_co_23,"Monteria","23001"
city_co_23_068,state_co_23,"Ayapel","23068"
city_co_23_079,state_co_23,"Buenavista","23079"
city_co_23_090,state_co_23,"Canalete","23090"
city_co_23_162,state_co_23,"Cerete","23162"
city_co_23_168,state_co_23,"Chima","23168"
city_co_23_182,state_co_23,"Chinu","23182"
city_co_23_189,state_co_23,"Cienaga De Oro","23189"
city_co_23_300,state_co_23,"Cotorra","23300"
city_co_23_350,state_co_23,"La Apartada","23350"
city_co_23_417,state_co_23,"Lorica","23417"
city_co_23_419,state_co_23,"Los Cordobas","23419"
city_co_23_464,state_co_23,"Momil","23464"
city_co_23_466,state_co_23,"Montelibano","23466"
city_co_23_500,state_co_23,"Moñitos","23500"
city_co_23_555,state_co_23,"Planeta Rica","23555"
city_co_23_570,state_co_23,"Pueblo Nuevo","23570"
city_co_23_574,state_co_23,"Puerto Escondido","23574"
city_co_23_580,state_co_23,"Puerto Libertador","23580"
city_co_23_586,state_co_23,"Purisima","23586"
city_co_23_660,state_co_23,"Sahagun","23660"
city_co_23_670,state_co_23,"San Andres Sotavento","23670"
city_co_23_672,state_co_23,"San Antero","23672"
city_co_23_675,state_co_23,"San Bernardo Del Viento","23675"
city_co_23_678,state_co_23,"San Carlos","23678"
city_co_23_686,state_co_23,"San Pelayo","23686"
city_co_23_807,state_co_23,"Tierralta","23807"
city_co_23_855,state_co_23,"Valencia","23855"
city_co_25_001,state_co_25,"Agua De Dios","25001"
city_co_25_019,state_co_25,"Alban","25019"
city_co_25_035,state_co_25,"Anapoima","25035"
city_co_25_040,state_co_25,"Anolaima","25040"
city_co_25_053,state_co_25,"Arbelaez","25053"
city_co_25_086,state_co_25,"Beltran","25086"
city_co_25_095,state_co_25,"Bituima","25095"
city_co_25_099,state_co_25,"Bojaca","25099"
city_co_25_120,state_co_25,"Cabrera","25120"
city_co_25_123,state_co_25,"Cachipay","25123"
city_co_25_126,state_co_25,"Cajica","25126"
city_co_25_148,state_co_25,"Caparrapi","25148"
city_co_25_151,state_co_25,"Caqueza","25151"
city_co_25_154,state_co_25,"Carmen De Carupa","25154"
city_co_25_168,state_co_25,"Chaguani","25168"
city_co_25_175,state_co_25,"Chia","25175"
city_co_25_178,state_co_25,"Chipaque","25178"
city_co_25_181,state_co_25,"Choachi","25181"
city_co_25_183,state_co_25,"Choconta","25183"
city_co_25_200,state_co_25,"Cogua","25200"
city_co_25_214,state_co_25,"Cota","25214"
city_co_25_224,state_co_25,"Cucunuba","25224"
city_co_25_245,state_co_25,"El Colegio","25245"
city_co_25_258,state_co_25,"El Peñon","25258"
city_co_25_260,state_co_25,"El Rosal","25260"
city_co_25_269,state_co_25,"Facatativa","25269"
city_co_25_279,state_co_25,"Fomeque","25279"
city_co_25_281,state_co_25,"Fosca","25281"
city_co_25_286,state_co_25,"Funza","25286"
city_co_25_288,state_co_25,"Fuquene","25288"
city_co_25_290,state_co_25,"Fusagasuga","25290"
city_co_25_293,state_co_25,"Gachala","25293"
city_co_25_295,state_co_25,"Gachancipa","25295"
city_co_25_297,state_co_25,"Gacheta","25297"
city_co_25_299,state_co_25,"Gama","25299"
city_co_25_307,state_co_25,"Girardot","25307"
city_co_25_312,state_co_25,"Granada","25312"
city_co_25_317,state_co_25,"Guacheta","25317"
city_co_25_320,state_co_25,"Guaduas","25320"
city_co_25_322,state_co_25,"Guasca","25322"
city_co_25_324,state_co_25,"Guataqui","25324"
city_co_25_326,state_co_25,"Guatavita","25326"
city_co_25_328,state_co_25,"Guayabal De Siquima","25328"
city_co_25_335,state_co_25,"Guayabetal","25335"
city_co_25_339,state_co_25,"Gutierrez","25339"
city_co_25_368,state_co_25,"Jerusalen","25368"
city_co_25_372,state_co_25,"Junin","25372"
city_co_25_377,state_co_25,"La Calera","25377"
city_co_25_386,state_co_25,"La Mesa","25386"
city_co_25_394,state_co_25,"La Palma","25394"
city_co_25_398,state_co_25,"La Peña","25398"
city_co_25_402,state_co_25,"La Vega","25402"
city_co_25_407,state_co_25,"Lenguazaque","25407"
city_co_25_426,state_co_25,"Macheta","25426"
city_co_25_430,state_co_25,"Madrid","25430"
city_co_25_436,state_co_25,"Manta","25436"
city_co_25_438,state_co_25,"Medina","25438"
city_co_25_473,state_co_25,"Mosquera","25473"
city_co_25_483,state_co_25,"Nariño","25483"
city_co_25_486,state_co_25,"Nemocon","25486"
city_co_25_488,state_co_25,"Nilo","25488"
city_co_25_489,state_co_25,"Nimaima","25489"
city_co_25_491,state_co_25,"Nocaima","25491"
city_co_25_506,state_co_25,"Venecia","25506"
city_co_25_513,state_co_25,"Pacho","25513"
city_co_25_518,state_co_25,"Paime","25518"
city_co_25_524,state_co_25,"Pandi","25524"
city_co_25_530,state_co_25,"Paratebueno","25530"
city_co_25_535,state_co_25,"Pasca","25535"
city_co_25_572,state_co_25,"Puerto Salgar","25572"
city_co_25_580,state_co_25,"Puli","25580"
city_co_25_592,state_co_25,"Quebradanegra","25592"
city_co_25_594,state_co_25,"Quetame","25594"
city_co_25_596,state_co_25,"Quipile","25596"
city_co_25_599,state_co_25,"Apulo","25599"
city_co_25_612,state_co_25,"Ricaurte","25612"
city_co_25_645,state_co_25,"San Antonio Del Tequendama","25645"
city_co_25_649,state_co_25,"San Bernardo","25649"
city_co_25_653,state_co_25,"San Cayetano","25653"
city_co_25_658,state_co_25,"San Francisco","25658"
city_co_25_662,state_co_25,"San Juan De Rio Seco","25662"
city_co_25_718,state_co_25,"Sasaima","25718"
city_co_25_736,state_co_25,"Sesquile","25736"
city_co_25_740,state_co_25,"Sibate","25740"
city_co_25_743,state_co_25,"Silvania","25743"
city_co_25_745,state_co_25,"Simijaca","25745"
city_co_25_754,state_co_25,"Soacha","25754"
city_co_25_758,state_co_25,"Sopo","25758"
city_co_25_769,state_co_25,"Subachoque","25769"
city_co_25_772,state_co_25,"Suesca","25772"
city_co_25_777,state_co_25,"Supata","25777"
city_co_25_779,state_co_25,"Susa","25779"
city_co_25_781,state_co_25,"Sutatausa","25781"
city_co_25_785,state_co_25,"Tabio","25785"
city_co_25_793,state_co_25,"Tausa","25793"
city_co_25_797,state_co_25,"Tena","25797"
city_co_25_799,state_co_25,"Tenjo","25799"
city_co_25_805,state_co_25,"Tibacuy","25805"
city_co_25_807,state_co_25,"Tibirita","25807"
city_co_25_815,state_co_25,"Tocaima","25815"
city_co_25_817,state_co_25,"Tocancipa","25817"
city_co_25_823,state_co_25,"Topaipi","25823"
city_co_25_839,state_co_25,"Ubala","25839"
city_co_25_841,state_co_25,"Ubaque","25841"
city_co_25_843,state_co_25,"Villa De San Diego De Ubate","25843"
city_co_25_845,state_co_25,"Une","25845"
city_co_25_851,state_co_25,"Utica","25851"
city_co_25_862,state_co_25,"Vergara","25862"
city_co_25_867,state_co_25,"Viani","25867"
city_co_25_871,state_co_25,"Villagomez","25871"
city_co_25_873,state_co_25,"Villapinzon","25873"
city_co_25_875,state_co_25,"Villeta","25875"
city_co_25_878,state_co_25,"Viota","25878"
city_co_25_885,state_co_25,"Yacopi","25885"
city_co_25_898,state_co_25,"Zipacon","25898"
city_co_25_899,state_co_25,"Zipaquira","25899"
city_co_27_001,state_co_27,"Quibdo","27001"
city_co_27_006,state_co_27,"Acandi","27006"
city_co_27_025,state_co_27,"Alto Baudo","27025"
city_co_27_050,state_co_27,"Atrato","27050"
city_co_27_073,state_co_27,"Bagado","27073"
city_co_27_075,state_co_27,"Bahia Solano","27075"
city_co_27_077,state_co_27,"Bajo Baudo","27077"
city_co_27_099,state_co_27,"Bojaya","27099"
city_co_27_135,state_co_27,"El Canton Del San Pablo","27135"
city_co_27_150,state_co_27,"Carmen Del Darien","27150"
city_co_27_160,state_co_27,"Certegui","27160"
city_co_27_205,state_co_27,"Condoto","27205"
city_co_27_245,state_co_27,"El Carmen De Atrato","27245"
city_co_27_250,state_co_27,"El Litoral Del San Juan","27250"
city_co_27_361,state_co_27,"Istmina","27361"
city_co_27_372,state_co_27,"Jurado","27372"
city_co_27_413,state_co_27,"Lloro","27413"
city_co_27_425,state_co_27,"Medio Atrato","27425"
city_co_27_430,state_co_27,"Medio Baudo","27430"
city_co_27_450,state_co_27,"Medio San Juan","27450"
city_co_27_491,state_co_27,"Novita","27491"
city_co_27_495,state_co_27,"Nuqui","27495"
city_co_27_580,state_co_27,"Rio Iro","27580"
city_co_27_600,state_co_27,"Rio Quito","27600"
city_co_27_615,state_co_27,"Riosucio","27615"
city_co_27_660,state_co_27,"San Jose Del Palmar","27660"
city_co_27_745,state_co_27,"Sipi","27745"
city_co_27_787,state_co_27,"Tado","27787"
city_co_27_800,state_co_27,"Unguia","27800"
city_co_27_810,state_co_27,"Union Panamericana","27810"
city_co_41_001,state_co_41,"Neiva","41001"
city_co_41_006,state_co_41,"Acevedo","41006"
city_co_41_013,state_co_41,"Agrado","41013"
city_co_41_016,state_co_41,"Aipe","41016"
city_co_41_020,state_co_41,"Algeciras","41020"
city_co_41_026,state_co_41,"Altamira","41026"
city_co_41_078,state_co_41,"Baraya","41078"
city_co_41_132,state_co_41,"Campoalegre","41132"
city_co_41_206,state_co_41,"Colombia","41206"
city_co_41_244,state_co_41,"Elias","41244"
city_co_41_298,state_co_41,"Garzon","41298"
city_co_41_306,state_co_41,"Gigante","41306"
city_co_41_319,state_co_41,"Guadalupe","41319"
city_co_41_349,state_co_41,"Hobo","41349"
city_co_41_357,state_co_41,"Iquira","41357"
city_co_41_359,state_co_41,"Isnos","41359"
city_co_41_378,state_co_41,"La Argentina","41378"
city_co_41_396,state_co_41,"La Plata","41396"
city_co_41_483,state_co_41,"Nataga","41483"
city_co_41_503,state_co_41,"Oporapa","41503"
city_co_41_518,state_co_41,"Paicol","41518"
city_co_41_524,state_co_41,"Palermo","41524"
city_co_41_530,state_co_41,"Palestina","41530"
city_co_41_548,state_co_41,"Pital","41548"
city_co_41_551,state_co_41,"Pitalito","41551"
city_co_41_615,state_co_41,"Rivera","41615"
city_co_41_660,state_co_41,"Saladoblanco","41660"
city_co_41_668,state_co_41,"San Agustin","41668"
city_co_41_676,state_co_41,"Santa Maria","41676"
city_co_41_770,state_co_41,"Suaza","41770"
city_co_41_791,state_co_41,"Tarqui","41791"
city_co_41_797,state_co_41,"Tesalia","41797"
city_co_41_799,state_co_41,"Tello","41799"
city_co_41_801,state_co_41,"Teruel","41801"
city_co_41_807,state_co_41,"Timana","41807"
city_co_41_872,state_co_41,"Villavieja","41872"
city_co_41_885,state_co_41,"Yaguara","41885"
city_co_44_001,state_co_44,"Riohacha","44001"
city_co_44_035,state_co_44,"Albania","44035"
city_co_44_078,state_co_44,"Barrancas","44078"
city_co_44_090,state_co_44,"Dibulla","44090"
city_co_44_098,state_co_44,"Distraccion","44098"
city_co_44_110,state_co_44,"El Molino","44110"
city_co_44_279,state_co_44,"Fonseca","44279"
city_co_44_378,state_co_44,"Hatonuevo","44378"
city_co_44_420,state_co_44,"La Jagua Del Pilar","44420"
city_co_44_430,state_co_44,"Maicao","44430"
city_co_44_560,state_co_44,"Manaure","44560"
city_co_44_650,state_co_44,"San Juan Del Cesar","44650"
city_co_44_847,state_co_44,"Uribia","44847"
city_co_44_855,state_co_44,"Urumita","44855"
city_co_44_874,state_co_44,"Villanueva","44874"
city_co_47_001,state_co_47,"Santa Marta","47001"
city_co_47_030,state_co_47,"Algarrobo","47030"
city_co_47_053,state_co_47,"Aracataca","47053"
city_co_47_058,state_co_47,"Ariguani","47058"
city_co_47_161,state_co_47,"Cerro San Antonio","47161"
city_co_47_170,state_co_47,"Chibolo","47170"
city_co_47_189,state_co_47,"Cienaga","47189"
city_co_47_205,state_co_47,"Concordia","47205"
city_co_47_245,state_co_47,"El Banco","47245"
city_co_47_258,state_co_47,"El Piñon","47258"
city_co_47_268,state_co_47,"El Reten","47268"
city_co_47_288,state_co_47,"Fundacion","47288"
city_co_47_318,state_co_47,"Guamal","47318"
city_co_47_460,state_co_47,"Nueva Granada","47460"
city_co_47_541,state_co_47,"Pedraza","47541"
city_co_47_545,state_co_47,"Pijiño Del Carmen","47545"
city_co_47_551,state_co_47,"Pivijay","47551"
city_co_47_555,state_co_47,"Plato","47555"
city_co_47_570,state_co_47,"Puebloviejo","47570"
city_co_47_605,state_co_47,"Remolino","47605"
city_co_47_660,state_co_47,"Sabanas De San Angel","47660"
city_co_47_675,state_co_47,"Salamina","47675"
city_co_47_692,state_co_47,"San Sebastian De Buenavista","47692"
city_co_47_703,state_co_47,"San Zenon","47703"
city_co_47_707,state_co_47,"Santa Ana","47707"
city_co_47_720,state_co_47,"Santa Barbara De Pinto","47720"
city_co_47_745,state_co_47,"Sitionuevo","47745"
city_co_47_798,state_co_47,"Tenerife","47798"
city_co_47_960,state_co_47,"Zapayan","47960"
city_co_47_980,state_co_47,"Zona Bananera","47980"
city_co_50_001,state_co_50,"Villavicencio","50001"
city_co_50_006,state_co_50,"Acacias","50006"
city_co_50_110,state_co_50,"Barranca De Upia","50110"
city_co_50_124,state_co_50,"Cabuyaro","50124"
city_co_50_150,state_co_50,"Castilla La Nueva","50150"
city_co_50_223,state_co_50,"Cubarral","50223"
city_co_50_226,state_co_50,"Cumaral","50226"
city_co_50_245,state_co_50,"El Calvario","50245"
city_co_50_251,state_co_50,"El Castillo","50251"
city_co_50_270,state_co_50,"El Dorado","50270"
city_co_50_287,state_co_50,"Fuente De Oro","50287"
city_co_50_313,state_co_50,"Granada","50313"
city_co_50_318,state_co_50,"Guamal","50318"
city_co_50_325,state_co_50,"Mapiripan","50325"
city_co_50_330,state_co_50,"Mesetas","50330"
city_co_50_350,state_co_50,"La Macarena","50350"
city_co_50_370,state_co_50,"Uribe","50370"
city_co_50_400,state_co_50,"Lejanias","50400"
city_co_50_450,state_co_50,"Puerto Concordia","50450"
city_co_50_568,state_co_50,"Puerto Gaitan","50568"
city_co_50_573,state_co_50,"Puerto Lopez","50573"
city_co_50_577,state_co_50,"Puerto Lleras","50577"
city_co_50_590,state_co_50,"Puerto Rico","50590"
city_co_50_606,state_co_50,"Restrepo","50606"
city_co_50_680,state_co_50,"San Carlos De Guaroa","50680"
city_co_50_683,state_co_50,"San Juan De Arama","50683"
city_co_50_686,state_co_50,"San Juanito","50686"
city_co_50_689,state_co_50,"San Martin","50689"
city_co_50_711,state_co_50,"Vistahermosa","50711"
city_co_52_001,state_co_52,"Pasto","52001"
city_co_52_019,state_co_52,"Alban","52019"
city_co_52_022,state_co_52,"Aldana","52022"
city_co_52_036,state_co_52,"Ancuya","52036"
city_co_52_051,state_co_52,"Arboleda","52051"
city_co_52_079,state_co_52,"Barbacoas","52079"
city_co_52_083,state_co_52,"Belen","52083"
city_co_52_110,state_co_52,"Buesaco","52110"
city_co_52_203,state_co_52,"Colon","52203"
city_co_52_207,state_co_52,"Consaca","52207"
city_co_52_210,state_co_52,"Contadero","52210"
city_co_52_215,state_co_52,"Cordoba","52215"
city_co_52_224,state_co_52,"Cuaspud","52224"
city_co_52_227,state_co_52,"Cumbal","52227"
city_co_52_233,state_co_52,"Cumbitara","52233"
city_co_52_240,state_co_52,"Chachagsi","52240"
city_co_52_250,state_co_52,"El Charco","52250"
city_co_52_254,state_co_52,"El Peñol","52254"
city_co_52_256,state_co_52,"El Rosario","52256"
city_co_52_258,state_co_52,"El Tablon De Gomez","52258"
city_co_52_260,state_co_52,"El Tambo","52260"
city_co_52_287,state_co_52,"Funes","52287"
city_co_52_317,state_co_52,"Guachucal","52317"
city_co_52_320,state_co_52,"Guaitarilla","52320"
city_co_52_323,state_co_52,"Gualmatan","52323"
city_co_52_352,state_co_52,"Iles","52352"
city_co_52_354,state_co_52,"Imues","52354"
city_co_52_356,state_co_52,"Ipiales","52356"
city_co_52_378,state_co_52,"La Cruz","52378"
city_co_52_381,state_co_52,"La Florida","52381"
city_co_52_385,state_co_52,"La Llanada","52385"
city_co_52_390,state_co_52,"La Tola","52390"
city_co_52_399,state_co_52,"La Union","52399"
city_co_52_405,state_co_52,"Leiva","52405"
city_co_52_411,state_co_52,"Linares","52411"
city_co_52_418,state_co_52,"Los Andes","52418"
city_co_52_427,state_co_52,"Magsi","52427"
city_co_52_435,state_co_52,"Mallama","52435"
city_co_52_473,state_co_52,"Mosquera","52473"
city_co_52_480,state_co_52,"Nariño","52480"
city_co_52_490,state_co_52,"Olaya Herrera","52490"
city_co_52_506,state_co_52,"Ospina","52506"
city_co_52_520,state_co_52,"Francisco Pizarro","52520"
city_co_52_540,state_co_52,"Policarpa","52540"
city_co_52_560,state_co_52,"Potosi","52560"
city_co_52_565,state_co_52,"Providencia","52565"
city_co_52_573,state_co_52,"Puerres","52573"
city_co_52_585,state_co_52,"Pupiales","52585"
city_co_52_612,state_co_52,"Ricaurte","52612"
city_co_52_621,state_co_52,"Roberto Payan","52621"
city_co_52_678,state_co_52,"Samaniego","52678"
city_co_52_683,state_co_52,"Sandona","52683"
city_co_52_685,state_co_52,"San Bernardo","52685"
city_co_52_687,state_co_52,"San Lorenzo","52687"
city_co_52_693,state_co_52,"San Pablo","52693"
city_co_52_694,state_co_52,"San Pedro De Cartago","52694"
city_co_52_696,state_co_52,"Santa Barbara","52696"
city_co_52_699,state_co_52,"Santacruz","52699"
city_co_52_720,state_co_52,"Sapuyes","52720"
city_co_52_786,state_co_52,"Taminango","52786"
city_co_52_788,state_co_52,"Tangua","52788"
city_co_52_835,state_co_52,"San Andres De Tumaco","52835"
city_co_52_838,state_co_52,"Tuquerres","52838"
city_co_52_885,state_co_52,"Yacuanquer","52885"
city_co_54_001,state_co_54,"Cucuta","54001"
city_co_54_003,state_co_54,"Abrego","54003"
city_co_54_051,state_co_54,"Arboledas","54051"
city_co_54_099,state_co_54,"Bochalema","54099"
city_co_54_109,state_co_54,"Bucarasica","54109"
city_co_54_125,state_co_54,"Cacota","54125"
city_co_54_128,state_co_54,"Cachira","54128"
city_co_54_172,state_co_54,"Chinacota","54172"
city_co_54_174,state_co_54,"Chitaga","54174"
city_co_54_206,state_co_54,"Convencion","54206"
city_co_54_223,state_co_54,"Cucutilla","54223"
city_co_54_239,state_co_54,"Durania","54239"
city_co_54_245,state_co_54,"El Carmen","54245"
city_co_54_250,state_co_54,"El Tarra","54250"
city_co_54_261,state_co_54,"El Zulia","54261"
city_co_54_313,state_co_54,"Gramalote","54313"
city_co_54_344,state_co_54,"Hacari","54344"
city_co_54_347,state_co_54,"Herran","54347"
city_co_54_377,state_co_54,"Labateca","54377"
city_co_54_385,state_co_54,"La Esperanza","54385"
city_co_54_398,state_co_54,"La Playa","54398"
city_co_54_405,state_co_54,"Los Patios","54405"
city_co_54_418,state_co_54,"Lourdes","54418"
city_co_54_480,state_co_54,"Mutiscua","54480"
city_co_54_498,state_co_54,"Ocaña","54498"
city_co_54_518,state_co_54,"Pamplona","54518"
city_co_54_520,state_co_54,"Pamplonita","54520"
city_co_54_553,state_co_54,"Puerto Santander","54553"
city_co_54_599,state_co_54,"Ragonvalia","54599"
city_co_54_660,state_co_54,"Salazar","54660"
city_co_54_670,state_co_54,"San Calixto","54670"
city_co_54_673,state_co_54,"San Cayetano","54673"
city_co_54_680,state_co_54,"Santiago","54680"
city_co_54_720,state_co_54,"Sardinata","54720"
city_co_54_743,state_co_54,"Silos","54743"
city_co_54_800,state_co_54,"Teorama","54800"
city_co_54_810,state_co_54,"Tibu","54810"
city_co_54_820,state_co_54,"Toledo","54820"
city_co_54_871,state_co_54,"Villa Caro","54871"
city_co_54_874,state_co_54,"Villa Del Rosario","54874"
city_co_63_001,state_co_63,"Armenia","63001"
city_co_63_111,state_co_63,"Buenavista","63111"
city_co_63_130,state_co_63,"Calarca","63130"
city_co_63_190,state_co_63,"Circasia","63190"
city_co_63_212,state_co_63,"Cordoba","63212"
city_co_63_272,state_co_63,"Filandia","63272"
city_co_63_302,state_co_63,"Genova","63302"
city_co_63_401,state_co_63,"La Tebaida","63401"
city_co_63_470,state_co_63,"Montenegro","63470"
city_co_63_548,state_co_63,"Pijao","63548"
city_co_63_594,state_co_63,"Quimbaya","63594"
city_co_63_690,state_co_63,"Salento","63690"
city_co_66_001,state_co_66,"Pereira","66001"
city_co_66_045,state_co_66,"Apia","66045"
city_co_66_075,state_co_66,"Balboa","66075"
city_co_66_088,state_co_66,"Belen De Umbria","66088"
city_co_66_170,state_co_66,"Dosquebradas","66170"
city_co_66_318,state_co_66,"Guatica","66318"
city_co_66_383,state_co_66,"La Celia","66383"
city_co_66_400,state_co_66,"La Virginia","66400"
city_co_66_440,state_co_66,"Marsella","66440"
city_co_66_456,state_co_66,"Mistrato","66456"
city_co_66_572,state_co_66,"Pueblo Rico","66572"
city_co_66_594,state_co_66,"Quinchia","66594"
city_co_66_682,state_co_66,"Santa Rosa De Cabal","66682"
city_co_66_687,state_co_66,"Santuario","66687"
city_co_68_001,state_co_68,"Bucaramanga","68001"
city_co_68_013,state_co_68,"Aguada","68013"
city_co_68_020,state_co_68,"Albania","68020"
city_co_68_051,state_co_68,"Aratoca","68051"
city_co_68_077,state_co_68,"Barbosa","68077"
city_co_68_079,state_co_68,"Barichara","68079"
city_co_68_081,state_co_68,"Barrancabermeja","68081"
city_co_68_092,state_co_68,"Betulia","68092"
city_co_68_101,state_co_68,"Bolivar","68101"
city_co_68_121,state_co_68,"Cabrera","68121"
city_co_68_132,state_co_68,"California","68132"
city_co_68_147,state_co_68,"Capitanejo","68147"
city_co_68_152,state_co_68,"Carcasi","68152"
city_co_68_160,state_co_68,"Cepita","68160"
city_co_68_162,state_co_68,"Cerrito","68162"
city_co_68_167,state_co_68,"Charala","68167"
city_co_68_169,state_co_68,"Charta","68169"
city_co_68_176,state_co_68,"Chima","68176"
city_co_68_179,state_co_68,"Chipata","68179"
city_co_68_190,state_co_68,"Cimitarra","68190"
city_co_68_207,state_co_68,"Concepcion","68207"
city_co_68_209,state_co_68,"Confines","68209"
city_co_68_211,state_co_68,"Contratacion","68211"
city_co_68_217,state_co_68,"Coromoro","68217"
city_co_68_229,state_co_68,"Curiti","68229"
city_co_68_235,state_co_68,"El Carmen De Chucuri","68235"
city_co_68_245,state_co_68,"El Guacamayo","68245"
city_co_68_250,state_co_68,"El Peñon","68250"
city_co_68_255,state_co_68,"El Playon","68255"
city_co_68_264,state_co_68,"Encino","68264"
city_co_68_266,state_co_68,"Enciso","68266"
city_co_68_271,state_co_68,"Florian","68271"
city_co_68_276,state_co_68,"Floridablanca","68276"
city_co_68_296,state_co_68,"Galan","68296"
city_co_68_298,state_co_68,"Gambita","68298"
city_co_68_307,state_co_68,"Giron","68307"
city_co_68_318,state_co_68,"Guaca","68318"
city_co_68_320,state_co_68,"Guadalupe","68320"
city_co_68_322,state_co_68,"Guapota","68322"
city_co_68_324,state_co_68,"Guavata","68324"
city_co_68_327,state_co_68,"Gsepsa","68327"
city_co_68_344,state_co_68,"Hato","68344"
city_co_68_368,state_co_68,"Jesus Maria","68368"
city_co_68_370,state_co_68,"Jordan","68370"
city_co_68_377,state_co_68,"La Belleza","68377"
city_co_68_385,state_co_68,"Landazuri","68385"
city_co_68_397,state_co_68,"La Paz","68397"
city_co_68_406,state_co_68,"Lebrija","68406"
city_co_68_418,state_co_68,"Los Santos","68418"
city_co_68_425,state_co_68,"Macaravita","68425"
city_co_68_432,state_co_68,"Malaga","68432"
city_co_68_444,state_co_68,"Matanza","68444"
city_co_68_464,state_co_68,"Mogotes","68464"
city_co_68_468,state_co_68,"Molagavita","68468"
city_co_68_498,state_co_68,"Ocamonte","68498"
city_co_68_500,state_co_68,"Oiba","68500"
city_co_68_502,state_co_68,"Onzaga","68502"
city_co_68_522,state_co_68,"Palmar","68522"
city_co_68_524,state_co_68,"Palmas Del Socorro","68524"
city_co_68_533,state_co_68,"Paramo","68533"
city_co_68_547,state_co_68,"Piedecuesta","68547"
city_co_68_549,state_co_68,"Pinchote","68549"
city_co_68_572,state_co_68,"Puente Nacional","68572"
city_co_68_573,state_co_68,"Puerto Parra","68573"
city_co_68_575,state_co_68,"Puerto Wilches","68575"
city_co_68_615,state_co_68,"Rionegro","68615"
city_co_68_655,state_co_68,"Sabana De Torres","68655"
city_co_68_669,state_co_68,"San Andres","68669"
city_co_68_673,state_co_68,"San Benito","68673"
city_co_68_679,state_co_68,"San Gil","68679"
city_co_68_682,state_co_68,"San Joaquin","68682"
city_co_68_684,state_co_68,"San Jose De Miranda","68684"
city_co_68_686,state_co_68,"San Miguel","68686"
city_co_68_689,state_co_68,"San Vicente De Chucuri","68689"
city_co_68_705,state_co_68,"Santa Barbara","68705"
city_co_68_720,state_co_68,"Santa Helena Del Opon","68720"
city_co_68_745,state_co_68,"Simacota","68745"
city_co_68_755,state_co_68,"Socorro","68755"
city_co_68_770,state_co_68,"Suaita","68770"
city_co_68_773,state_co_68,"Sucre","68773"
city_co_68_780,state_co_68,"Surata","68780"
city_co_68_820,state_co_68,"Tona","68820"
city_co_68_855,state_co_68,"Valle De San Jose","68855"
city_co_68_861,state_co_68,"Velez","68861"
city_co_68_867,state_co_68,"Vetas","68867"
city_co_68_872,state_co_68,"Villanueva","68872"
city_co_68_895,state_co_68,"Zapatoca","68895"
city_co_70_001,state_co_70,"Sincelejo","70001"
city_co_70_110,state_co_70,"Buenavista","70110"
city_co_70_124,state_co_70,"Caimito","70124"
city_co_70_204,state_co_70,"Coloso","70204"
city_co_70_215,state_co_70,"Corozal","70215"
city_co_70_221,state_co_70,"Coveñas","70221"
city_co_70_230,state_co_70,"Chalan","70230"
city_co_70_233,state_co_70,"El Roble","70233"
city_co_70_235,state_co_70,"Galeras","70235"
city_co_70_265,state_co_70,"Guaranda","70265"
city_co_70_400,state_co_70,"La Union","70400"
city_co_70_418,state_co_70,"Los Palmitos","70418"
city_co_70_429,state_co_70,"Majagual","70429"
city_co_70_473,state_co_70,"Morroa","70473"
city_co_70_508,state_co_70,"Ovejas","70508"
city_co_70_523,state_co_70,"Palmito","70523"
city_co_70_670,state_co_70,"Sampues","70670"
city_co_70_678,state_co_70,"San Benito Abad","70678"
city_co_70_702,state_co_70,"San Juan De Betulia","70702"
city_co_70_708,state_co_70,"San Marcos","70708"
city_co_70_713,state_co_70,"San Onofre","70713"
city_co_70_717,state_co_70,"San Pedro","70717"
city_co_70_742,state_co_70,"San Luis De Since","70742"
city_co_70_771,state_co_70,"Sucre","70771"
city_co_70_820,state_co_70,"Santiago De Tolu","70820"
city_co_70_823,state_co_70,"Tolu Viejo","70823"
city_co_73_001,state_co_73,"Ibague","73001"
city_co_73_024,state_co_73,"Alpujarra","73024"
city_co_73_026,state_co_73,"Alvarado","73026"
city_co_73_030,state_co_73,"Ambalema","73030"
city_co_73_043,state_co_73,"Anzoategui","73043"
city_co_73_055,state_co_73,"Armero","73055"
city_co_73_067,state_co_73,"Ataco","73067"
city_co_73_124,state_co_73,"Cajamarca","73124"
city_co_73_148,state_co_73,"Carmen De Apicala","73148"
city_co_73_152,state_co_73,"Casabianca","73152"
city_co_73_168,state_co_73,"Chaparral","73168"
city_co_73_200,state_co_73,"Coello","73200"
city_co_73_217,state_co_73,"Coyaima","73217"
city_co_73_226,state_co_73,"Cunday","73226"
city_co_73_236,state_co_73,"Dolores","73236"
city_co_73_268,state_co_73,"Espinal","73268"
city_co_73_270,state_co_73,"Falan","73270"
city_co_73_275,state_co_73,"Flandes","73275"
city_co_73_283,state_co_73,"Fresno","73283"
city_co_73_319,state_co_73,"Guamo","73319"
city_co_73_347,state_co_73,"Herveo","73347"
city_co_73_349,state_co_73,"Honda","73349"
city_co_73_352,state_co_73,"Icononzo","73352"
city_co_73_408,state_co_73,"Lerida","73408"
city_co_73_411,state_co_73,"Libano","73411"
city_co_73_443,state_co_73,"Mariquita","73443"
city_co_73_449,state_co_73,"Melgar","73449"
city_co_73_461,state_co_73,"Murillo","73461"
city_co_73_483,state_co_73,"Natagaima","73483"
city_co_73_504,state_co_73,"Ortega","73504"
city_co_73_520,state_co_73,"Palocabildo","73520"
city_co_73_547,state_co_73,"Piedras","73547"
city_co_73_555,state_co_73,"Planadas","73555"
city_co_73_563,state_co_73,"Prado","73563"
city_co_73_585,state_co_73,"Purificacion","73585"
city_co_73_616,state_co_73,"Rioblanco","73616"
city_co_73_622,state_co_73,"Roncesvalles","73622"
city_co_73_624,state_co_73,"Rovira","73624"
city_co_73_671,state_co_73,"Saldaña","73671"
city_co_73_675,state_co_73,"San Antonio","73675"
city_co_73_678,state_co_73,"San Luis","73678"
city_co_73_686,state_co_73,"Santa Isabel","73686"
city_co_73_770,state_co_73,"Suarez","73770"
city_co_73_854,state_co_73,"Valle De San Juan","73854"
city_co_73_861,state_co_73,"Venadillo","73861"
city_co_73_870,state_co_73,"Villahermosa","73870"
city_co_73_873,state_co_73,"Villarrica","73873"
city_co_76_001,state_co_76,"Cali","76001"
city_co_76_020,state_co_76,"Alcala","76020"
city_co_76_036,state_co_76,"Andalucia","76036"
city_co_76_041,state_co_76,"Ansermanuevo","76041"
city_co_76_054,state_co_76,"Argelia","76054"
city_co_76_100,state_co_76,"Bolivar","76100"
city_co_76_109,state_co_76,"Buenaventura","76109"
city_co_76_111,state_co_76,"Guadalajara De Buga","76111"
city_co_76_113,state_co_76,"Bugalagrande","76113"
city_co_76_122,state_co_76,"Caicedonia","76122"
city_co_76_126,state_co_76,"Calima","76126"
city_co_76_130,state_co_76,"Candelaria","76130"
city_co_76_147,state_co_76,"Cartago","76147"
city_co_76_233,state_co_76,"Dagua","76233"
city_co_76_243,state_co_76,"El Aguila","76243"
city_co_76_246,state_co_76,"El Cairo","76246"
city_co_76_248,state_co_76,"El Cerrito","76248"
city_co_76_250,state_co_76,"El Dovio","76250"
city_co_76_275,state_co_76,"Florida","76275"
city_co_76_306,state_co_76,"Ginebra","76306"
city_co_76_318,state_co_76,"Guacari","76318"
city_co_76_364,state_co_76,"Jamundi","76364"
city_co_76_377,state_co_76,"La Cumbre","76377"
city_co_76_400,state_co_76,"La Union","76400"
city_co_76_403,state_co_76,"La Victoria","76403"
city_co_76_497,state_co_76,"Obando","76497"
city_co_76_520,state_co_76,"Palmira","76520"
city_co_76_563,state_co_76,"Pradera","76563"
city_co_76_606,state_co_76,"Restrepo","76606"
city_co_76_616,state_co_76,"Riofrio","76616"
city_co_76_622,state_co_76,"Roldanillo","76622"
city_co_76_670,state_co_76,"San Pedro","76670"
city_co_76_736,state_co_76,"Sevilla","76736"
city_co_76_823,state_co_76,"Toro","76823"
city_co_76_828,state_co_76,"Trujillo","76828"
city_co_76_834,state_co_76,"Tulua","76834"
city_co_76_845,state_co_76,"Ulloa","76845"
city_co_76_863,state_co_76,"Versalles","76863"
city_co_76_869,state_co_76,"Vijes","76869"
city_co_76_890,state_co_76,"Yotoco","76890"
city_co_76_892,state_co_76,"Yumbo","76892"
city_co_76_895,state_co_76,"Zarzal","76895"
city_co_81_001,state_co_81,"Arauca","81001"
city_co_81_065,state_co_81,"Arauquita","81065"
city_co_81_220,state_co_81,"Cravo Norte","81220"
city_co_81_300,state_co_81,"Fortul","81300"
city_co_81_591,state_co_81,"Puerto Rondon","81591"
city_co_81_736,state_co_81,"Saravena","81736"
city_co_81_794,state_co_81,"Tame","81794"
city_co_85_001,state_co_85,"Yopal","85001"
city_co_85_010,state_co_85,"Aguazul","85010"
city_co_85_015,state_co_85,"Chameza","85015"
city_co_85_125,state_co_85,"Hato Corozal","85125"
city_co_85_136,state_co_85,"La Salina","85136"
city_co_85_139,state_co_85,"Mani","85139"
city_co_85_162,state_co_85,"Monterrey","85162"
city_co_85_225,state_co_85,"Nunchia","85225"
city_co_85_230,state_co_85,"Orocue","85230"
city_co_85_250,state_co_85,"Paz De Ariporo","85250"
city_co_85_263,state_co_85,"Pore","85263"
city_co_85_279,state_co_85,"Recetor","85279"
city_co_85_300,state_co_85,"Sabanalarga","85300"
city_co_85_315,state_co_85,"Sacama","85315"
city_co_85_325,state_co_85,"San Luis De Palenque","85325"
city_co_85_400,state_co_85,"Tamara","85400"
city_co_85_410,state_co_85,"Tauramena","85410"
city_co_85_430,state_co_85,"Trinidad","85430"
city_co_85_440,state_co_85,"Villanueva","85440"
city_co_86_001,state_co_86,"Mocoa","86001"
city_co_86_219,state_co_86,"Colon","86219"
city_co_86_320,state_co_86,"Orito","86320"
city_co_86_568,state_co_86,"Puerto Asis","86568"
city_co_86_569,state_co_86,"Puerto Caicedo","86569"
city_co_86_571,state_co_86,"Puerto Guzman","86571"
city_co_86_573,state_co_86,"Leguizamo","86573"
city_co_86_749,state_co_86,"Sibundoy","86749"
city_co_86_755,state_co_86,"San Francisco","86755"
city_co_86_757,state_co_86,"San Miguel","86757"
city_co_86_760,state_co_86,"Santiago","86760"
city_co_86_865,state_co_86,"Valle Del Guamuez","86865"
city_co_86_885,state_co_86,"Villagarzon","86885"
city_co_88_001,state_co_88,"San Andres","88001"
city_co_88_564,state_co_88,"Providencia","88564"
city_co_91_001,state_co_91,"Leticia","91001"
city_co_91_263,state_co_91,"El Encanto","91263"
city_co_91_405,state_co_91,"La Chorrera","91405"
city_co_91_407,state_co_91,"La Pedrera","91407"
city_co_91_430,state_co_91,"La Victoria","91430"
city_co_91_460,state_co_91,"Miriti - Parana","91460"
city_co_91_530,state_co_91,"Puerto Alegria","91530"
city_co_91_536,state_co_91,"Puerto Arica","91536"
city_co_91_540,state_co_91,"Puerto Nariño","91540"
city_co_91_669,state_co_91,"Puerto Santander","91669"
city_co_91_798,state_co_91,"Tarapaca","91798"
city_co_94_001,state_co_94,"Inirida","94001"
city_co_94_343,state_co_94,"Barranco Minas","94343"
city_co_94_663,state_co_94,"Mapiripana","94663"
city_co_94_883,state_co_94,"San Felipe","94883"
city_co_94_884,state_co_94,"Puerto Colombia","94884"
city_co_94_885,state_co_94,"La Guadalupe","94885"
city_co_94_886,state_co_94,"Cacahual","94886"
city_co_94_887,state_co_94,"Pana Pana","94887"
city_co_94_888,state_co_94,"Morichal","94888"
city_co_95_001,state_co_95,"San Jose Del Guaviare","95001"
city_co_95_015,state_co_95,"Calamar","95015"
city_co_95_025,state_co_95,"El Retorno","95025"
city_co_95_200,state_co_95,"Miraflores","95200"
city_co_97_001,state_co_97,"Mitu","97001"
city_co_97_161,state_co_97,"Caruru","97161"
city_co_97_511,state_co_97,"Pacoa","97511"
city_co_97_666,state_co_97,"Taraira","97666"
city_co_97_777,state_co_97,"Papunaua","97777"
city_co_97_889,state_co_97,"Yavarate","97889"
city_co_99_001,state_co_99,"Puerto Carreño","99001"
city_co_99_524,state_co_99,"La Primavera","99524"
city_co_99_624,state_co_99,"Santa Rosalia","99624"
city_co_99_773,state_co_99,"Cumaribo","99773"